{
  "v": "5.6.2",
  "fr": 29.9700012207031,
  "ip": 0,
  "op": 41.0000016699642,
  "w": 400,
  "h": 400,
  "nm": "Particle Fireworks",
  "ddd": 0,
  "assets": [
    {
      "id": "comp_0",
      "layers": [
        {
          "ddd": 0,
          "ind": 1,
          "ty": 4,
          "nm": "Shape Layer 1",
          "sr": 1,
          "ks": {
            "o": { "a": 0, "k": 100, "ix": 11 },
            "r": { "a": 0, "k": 0, "ix": 10 },
            "p": { "a": 0, "k": [100.011, 99.792, 0], "ix": 2 },
            "a": { "a": 0, "k": [-9.739, -21.058, 0], "ix": 1 },
            "s": { "a": 0, "k": [65, 65, 100], "ix": 6 }
          },
          "ao": 0,
          "shapes": [
            {
              "ty": "gr",
              "it": [
                {
                  "ind": 0,
                  "ty": "sh",
                  "ix": 1,
                  "ks": {
                    "a": 0,
                    "k": {
                      "i": [
                        [0, 0],
                        [0, 0],
                        [0, 0]
                      ],
                      "o": [
                        [0, 0],
                        [0, 0],
                        [0, 0]
                      ],
                      "v": [
                        [2.261, -38.5],
                        [30.022, 9.584],
                        [-25.5, 9.584]
                      ],
                      "c": true
                    },
                    "ix": 2
                  },
                  "nm": "Path 1",
                  "mn": "ADBE Vector Shape - Group",
                  "hd": false
                },
                {
                  "ty": "st",
                  "c": {
                    "a": 0,
                    "k": [0.124443884457, 0.064498265584, 0.913725490196, 1],
                    "ix": 3
                  },
                  "o": { "a": 0, "k": 100, "ix": 4 },
                  "w": { "a": 0, "k": 10, "ix": 5 },
                  "lc": 1,
                  "lj": 1,
                  "ml": 4,
                  "bm": 0,
                  "nm": "Stroke 1",
                  "mn": "ADBE Vector Graphic - Stroke",
                  "hd": false
                },
                {
                  "ty": "tr",
                  "p": { "a": 0, "k": [-12, -14], "ix": 2 },
                  "a": { "a": 0, "k": [0, 0], "ix": 1 },
                  "s": { "a": 0, "k": [100, 100], "ix": 3 },
                  "r": { "a": 0, "k": 0, "ix": 6 },
                  "o": { "a": 0, "k": 100, "ix": 7 },
                  "sk": { "a": 0, "k": 0, "ix": 4 },
                  "sa": { "a": 0, "k": 0, "ix": 5 },
                  "nm": "Transform"
                }
              ],
              "nm": "Polystar 1",
              "np": 3,
              "cix": 2,
              "bm": 0,
              "ix": 1,
              "mn": "ADBE Vector Group",
              "hd": false
            }
          ],
          "ip": 0,
          "op": 152.000006191087,
          "st": 0,
          "bm": 0
        }
      ]
    },
    {
      "id": "comp_1",
      "layers": [
        {
          "ddd": 0,
          "ind": 1,
          "ty": 4,
          "nm": "Shape Layer 2",
          "sr": 1,
          "ks": {
            "o": { "a": 0, "k": 100, "ix": 11 },
            "r": { "a": 0, "k": 0, "ix": 10 },
            "p": { "a": 0, "k": [99.938, 99.937, 0], "ix": 2 },
            "a": { "a": 0, "k": [91.25, -27.75, 0], "ix": 1 },
            "s": { "a": 0, "k": [65, 65, 100], "ix": 6 }
          },
          "ao": 0,
          "shapes": [
            {
              "ty": "gr",
              "it": [
                {
                  "d": 1,
                  "ty": "el",
                  "s": { "a": 0, "k": [51.7, 51.7], "ix": 2 },
                  "p": { "a": 0, "k": [0, 0], "ix": 3 },
                  "nm": "Ellipse Path 1",
                  "mn": "ADBE Vector Shape - Ellipse",
                  "hd": false
                },
                {
                  "ty": "st",
                  "c": {
                    "a": 0,
                    "k": [0.609390258789, 0.10614378686, 0.796078431373, 1],
                    "ix": 3
                  },
                  "o": { "a": 0, "k": 100, "ix": 4 },
                  "w": { "a": 0, "k": 10, "ix": 5 },
                  "lc": 1,
                  "lj": 1,
                  "ml": 4,
                  "bm": 0,
                  "nm": "Stroke 1",
                  "mn": "ADBE Vector Graphic - Stroke",
                  "hd": false
                },
                {
                  "ty": "tr",
                  "p": { "a": 0, "k": [91.25, -27.75], "ix": 2 },
                  "a": { "a": 0, "k": [0, 0], "ix": 1 },
                  "s": { "a": 0, "k": [100, 100], "ix": 3 },
                  "r": { "a": 0, "k": 0, "ix": 6 },
                  "o": { "a": 0, "k": 100, "ix": 7 },
                  "sk": { "a": 0, "k": 0, "ix": 4 },
                  "sa": { "a": 0, "k": 0, "ix": 5 },
                  "nm": "Transform"
                }
              ],
              "nm": "Ellipse 1",
              "np": 3,
              "cix": 2,
              "bm": 0,
              "ix": 1,
              "mn": "ADBE Vector Group",
              "hd": false
            }
          ],
          "ip": 0,
          "op": 152.000006191087,
          "st": 0,
          "bm": 0
        }
      ]
    },
    {
      "id": "comp_2",
      "layers": [
        {
          "ddd": 0,
          "ind": 1,
          "ty": 4,
          "nm": "Shape Layer 3",
          "sr": 1,
          "ks": {
            "o": { "a": 0, "k": 100, "ix": 11 },
            "r": { "a": 0, "k": 0, "ix": 10 },
            "p": { "a": 0, "k": [100.062, 99.875, 0], "ix": 2 },
            "a": { "a": 0, "k": [156, -27.5, 0], "ix": 1 },
            "s": { "a": 0, "k": [65, 65, 100], "ix": 6 }
          },
          "ao": 0,
          "shapes": [
            {
              "ty": "gr",
              "it": [
                {
                  "ty": "rc",
                  "d": 1,
                  "s": { "a": 0, "k": [50, 50], "ix": 2 },
                  "p": { "a": 0, "k": [0, 0], "ix": 3 },
                  "r": { "a": 0, "k": 0, "ix": 4 },
                  "nm": "Rectangle Path 1",
                  "mn": "ADBE Vector Shape - Rect",
                  "hd": false
                },
                {
                  "ty": "st",
                  "c": {
                    "a": 0,
                    "k": [0.835294117647, 0.680682911592, 0.062237597447, 1],
                    "ix": 3
                  },
                  "o": { "a": 0, "k": 100, "ix": 4 },
                  "w": { "a": 0, "k": 10, "ix": 5 },
                  "lc": 1,
                  "lj": 1,
                  "ml": 4,
                  "bm": 0,
                  "nm": "Stroke 1",
                  "mn": "ADBE Vector Graphic - Stroke",
                  "hd": false
                },
                {
                  "ty": "tr",
                  "p": { "a": 0, "k": [156, -27.5], "ix": 2 },
                  "a": { "a": 0, "k": [0, 0], "ix": 1 },
                  "s": { "a": 0, "k": [100, 100], "ix": 3 },
                  "r": { "a": 0, "k": 0, "ix": 6 },
                  "o": { "a": 0, "k": 100, "ix": 7 },
                  "sk": { "a": 0, "k": 0, "ix": 4 },
                  "sa": { "a": 0, "k": 0, "ix": 5 },
                  "nm": "Transform"
                }
              ],
              "nm": "Rectangle 1",
              "np": 3,
              "cix": 2,
              "bm": 0,
              "ix": 1,
              "mn": "ADBE Vector Group",
              "hd": false
            }
          ],
          "ip": 0,
          "op": 152.000006191087,
          "st": 0,
          "bm": 0
        }
      ]
    },
    {
      "id": "comp_3",
      "layers": [
        {
          "ddd": 0,
          "ind": 1,
          "ty": 4,
          "nm": "Shape Layer 4",
          "sr": 1,
          "ks": {
            "o": { "a": 0, "k": 100, "ix": 11 },
            "r": { "a": 0, "k": 0, "ix": 10 },
            "p": { "a": 0, "k": [100.028, 99.92, 0], "ix": 2 },
            "a": { "a": 0, "k": [148.5, -27.5, 0], "ix": 1 },
            "s": { "a": 0, "k": [75, 75, 100], "ix": 6 }
          },
          "ao": 0,
          "shapes": [
            {
              "ty": "gr",
              "it": [
                {
                  "ty": "rc",
                  "d": 1,
                  "s": { "a": 0, "k": [12, 60], "ix": 2 },
                  "p": { "a": 0, "k": [0, 0], "ix": 3 },
                  "r": { "a": 0, "k": 0, "ix": 4 },
                  "nm": "Rectangle Path 1",
                  "mn": "ADBE Vector Shape - Rect",
                  "hd": false
                },
                {
                  "ty": "fl",
                  "c": {
                    "a": 0,
                    "k": [0.054640519385, 0.819607843137, 0.486622081083, 1],
                    "ix": 4
                  },
                  "o": { "a": 0, "k": 100, "ix": 5 },
                  "r": 1,
                  "bm": 0,
                  "nm": "Fill 1",
                  "mn": "ADBE Vector Graphic - Fill",
                  "hd": false
                },
                {
                  "ty": "tr",
                  "p": { "a": 0, "k": [148.5, -27.5], "ix": 2 },
                  "a": { "a": 0, "k": [0, 0], "ix": 1 },
                  "s": { "a": 0, "k": [100, 100], "ix": 3 },
                  "r": { "a": 0, "k": 0, "ix": 6 },
                  "o": { "a": 0, "k": 100, "ix": 7 },
                  "sk": { "a": 0, "k": 0, "ix": 4 },
                  "sa": { "a": 0, "k": 0, "ix": 5 },
                  "nm": "Transform"
                }
              ],
              "nm": "Rectangle 2",
              "np": 3,
              "cix": 2,
              "bm": 0,
              "ix": 1,
              "mn": "ADBE Vector Group",
              "hd": false
            },
            {
              "ty": "gr",
              "it": [
                {
                  "ty": "rc",
                  "d": 1,
                  "s": { "a": 0, "k": [12, 60], "ix": 2 },
                  "p": { "a": 0, "k": [0, 0], "ix": 3 },
                  "r": { "a": 0, "k": 0, "ix": 4 },
                  "nm": "Rectangle Path 1",
                  "mn": "ADBE Vector Shape - Rect",
                  "hd": false
                },
                {
                  "ty": "fl",
                  "c": {
                    "a": 0,
                    "k": [0.054640519385, 0.819607843137, 0.486622081083, 1],
                    "ix": 4
                  },
                  "o": { "a": 0, "k": 100, "ix": 5 },
                  "r": 1,
                  "bm": 0,
                  "nm": "Fill 1",
                  "mn": "ADBE Vector Graphic - Fill",
                  "hd": false
                },
                {
                  "ty": "tr",
                  "p": { "a": 0, "k": [148.5, -27.5], "ix": 2 },
                  "a": { "a": 0, "k": [0, 0], "ix": 1 },
                  "s": { "a": 0, "k": [100, 100], "ix": 3 },
                  "r": { "a": 0, "k": 90, "ix": 6 },
                  "o": { "a": 0, "k": 100, "ix": 7 },
                  "sk": { "a": 0, "k": 0, "ix": 4 },
                  "sa": { "a": 0, "k": 0, "ix": 5 },
                  "nm": "Transform"
                }
              ],
              "nm": "Rectangle 1",
              "np": 3,
              "cix": 2,
              "bm": 0,
              "ix": 2,
              "mn": "ADBE Vector Group",
              "hd": false
            }
          ],
          "ip": 0,
          "op": 152.000006191087,
          "st": 0,
          "bm": 0
        }
      ]
    },
    {
      "id": "comp_4",
      "layers": [
        {
          "ddd": 0,
          "ind": 1,
          "ty": 4,
          "nm": "Shape Layer 1",
          "sr": 1,
          "ks": {
            "o": { "a": 0, "k": 100, "ix": 11 },
            "r": { "a": 0, "k": 0, "ix": 10 },
            "p": { "a": 0, "k": [100.011, 99.792, 0], "ix": 2 },
            "a": { "a": 0, "k": [-9.739, -21.058, 0], "ix": 1 },
            "s": { "a": 0, "k": [65, 65, 100], "ix": 6 }
          },
          "ao": 0,
          "shapes": [
            {
              "ty": "gr",
              "it": [
                {
                  "ind": 0,
                  "ty": "sh",
                  "ix": 1,
                  "ks": {
                    "a": 0,
                    "k": {
                      "i": [
                        [0, 0],
                        [0, 0],
                        [0, 0]
                      ],
                      "o": [
                        [0, 0],
                        [0, 0],
                        [0, 0]
                      ],
                      "v": [
                        [2.261, -38.5],
                        [30.022, 9.584],
                        [-25.5, 9.584]
                      ],
                      "c": true
                    },
                    "ix": 2
                  },
                  "nm": "Path 1",
                  "mn": "ADBE Vector Shape - Group",
                  "hd": false
                },
                {
                  "ty": "st",
                  "c": {
                    "a": 0,
                    "k": [0.23617627013, 0.095271046956, 0.694117647059, 1],
                    "ix": 3
                  },
                  "o": { "a": 0, "k": 100, "ix": 4 },
                  "w": { "a": 0, "k": 10, "ix": 5 },
                  "lc": 1,
                  "lj": 1,
                  "ml": 4,
                  "bm": 0,
                  "nm": "Stroke 1",
                  "mn": "ADBE Vector Graphic - Stroke",
                  "hd": false
                },
                {
                  "ty": "tr",
                  "p": { "a": 0, "k": [-12, -14], "ix": 2 },
                  "a": { "a": 0, "k": [0, 0], "ix": 1 },
                  "s": { "a": 0, "k": [100, 100], "ix": 3 },
                  "r": { "a": 0, "k": 0, "ix": 6 },
                  "o": { "a": 0, "k": 100, "ix": 7 },
                  "sk": { "a": 0, "k": 0, "ix": 4 },
                  "sa": { "a": 0, "k": 0, "ix": 5 },
                  "nm": "Transform"
                }
              ],
              "nm": "Polystar 1",
              "np": 3,
              "cix": 2,
              "bm": 0,
              "ix": 1,
              "mn": "ADBE Vector Group",
              "hd": false
            }
          ],
          "ip": 0,
          "op": 152.000006191087,
          "st": 0,
          "bm": 0
        }
      ]
    },
    {
      "id": "comp_5",
      "layers": [
        {
          "ddd": 0,
          "ind": 1,
          "ty": 4,
          "nm": "Shape Layer 2",
          "sr": 1,
          "ks": {
            "o": { "a": 0, "k": 100, "ix": 11 },
            "r": { "a": 0, "k": 0, "ix": 10 },
            "p": { "a": 0, "k": [99.938, 99.937, 0], "ix": 2 },
            "a": { "a": 0, "k": [91.25, -27.75, 0], "ix": 1 },
            "s": { "a": 0, "k": [65, 65, 100], "ix": 6 }
          },
          "ao": 0,
          "shapes": [
            {
              "ty": "gr",
              "it": [
                {
                  "d": 1,
                  "ty": "el",
                  "s": { "a": 0, "k": [51.7, 51.7], "ix": 2 },
                  "p": { "a": 0, "k": [0, 0], "ix": 3 },
                  "nm": "Ellipse Path 1",
                  "mn": "ADBE Vector Shape - Ellipse",
                  "hd": false
                },
                {
                  "ty": "st",
                  "c": {
                    "a": 0,
                    "k": [0.886274509804, 0.093840819714, 0.336232233982, 1],
                    "ix": 3
                  },
                  "o": { "a": 0, "k": 100, "ix": 4 },
                  "w": { "a": 0, "k": 10, "ix": 5 },
                  "lc": 1,
                  "lj": 1,
                  "ml": 4,
                  "bm": 0,
                  "nm": "Stroke 1",
                  "mn": "ADBE Vector Graphic - Stroke",
                  "hd": false
                },
                {
                  "ty": "tr",
                  "p": { "a": 0, "k": [91.25, -27.75], "ix": 2 },
                  "a": { "a": 0, "k": [0, 0], "ix": 1 },
                  "s": { "a": 0, "k": [100, 100], "ix": 3 },
                  "r": { "a": 0, "k": 0, "ix": 6 },
                  "o": { "a": 0, "k": 100, "ix": 7 },
                  "sk": { "a": 0, "k": 0, "ix": 4 },
                  "sa": { "a": 0, "k": 0, "ix": 5 },
                  "nm": "Transform"
                }
              ],
              "nm": "Ellipse 1",
              "np": 3,
              "cix": 2,
              "bm": 0,
              "ix": 1,
              "mn": "ADBE Vector Group",
              "hd": false
            }
          ],
          "ip": 0,
          "op": 152.000006191087,
          "st": 0,
          "bm": 0
        }
      ]
    },
    {
      "id": "comp_6",
      "layers": [
        {
          "ddd": 0,
          "ind": 1,
          "ty": 4,
          "nm": "Shape Layer 4",
          "sr": 1,
          "ks": {
            "o": { "a": 0, "k": 100, "ix": 11 },
            "r": { "a": 0, "k": 0, "ix": 10 },
            "p": { "a": 0, "k": [100.028, 99.92, 0], "ix": 2 },
            "a": { "a": 0, "k": [148.5, -27.5, 0], "ix": 1 },
            "s": { "a": 0, "k": [75, 75, 100], "ix": 6 }
          },
          "ao": 0,
          "shapes": [
            {
              "ty": "gr",
              "it": [
                {
                  "ty": "rc",
                  "d": 1,
                  "s": { "a": 0, "k": [12, 60], "ix": 2 },
                  "p": { "a": 0, "k": [0, 0], "ix": 3 },
                  "r": { "a": 0, "k": 0, "ix": 4 },
                  "nm": "Rectangle Path 1",
                  "mn": "ADBE Vector Shape - Rect",
                  "hd": false
                },
                {
                  "ty": "fl",
                  "c": {
                    "a": 0,
                    "k": [0.061514798333, 0.486690566119, 0.78431372549, 1],
                    "ix": 4
                  },
                  "o": { "a": 0, "k": 100, "ix": 5 },
                  "r": 1,
                  "bm": 0,
                  "nm": "Fill 1",
                  "mn": "ADBE Vector Graphic - Fill",
                  "hd": false
                },
                {
                  "ty": "tr",
                  "p": { "a": 0, "k": [148.5, -27.5], "ix": 2 },
                  "a": { "a": 0, "k": [0, 0], "ix": 1 },
                  "s": { "a": 0, "k": [100, 100], "ix": 3 },
                  "r": { "a": 0, "k": 0, "ix": 6 },
                  "o": { "a": 0, "k": 100, "ix": 7 },
                  "sk": { "a": 0, "k": 0, "ix": 4 },
                  "sa": { "a": 0, "k": 0, "ix": 5 },
                  "nm": "Transform"
                }
              ],
              "nm": "Rectangle 2",
              "np": 3,
              "cix": 2,
              "bm": 0,
              "ix": 1,
              "mn": "ADBE Vector Group",
              "hd": false
            },
            {
              "ty": "gr",
              "it": [
                {
                  "ty": "rc",
                  "d": 1,
                  "s": { "a": 0, "k": [12, 60], "ix": 2 },
                  "p": { "a": 0, "k": [0, 0], "ix": 3 },
                  "r": { "a": 0, "k": 0, "ix": 4 },
                  "nm": "Rectangle Path 1",
                  "mn": "ADBE Vector Shape - Rect",
                  "hd": false
                },
                {
                  "ty": "fl",
                  "c": {
                    "a": 0,
                    "k": [0.061514798333, 0.486690566119, 0.78431372549, 1],
                    "ix": 4
                  },
                  "o": { "a": 0, "k": 100, "ix": 5 },
                  "r": 1,
                  "bm": 0,
                  "nm": "Fill 1",
                  "mn": "ADBE Vector Graphic - Fill",
                  "hd": false
                },
                {
                  "ty": "tr",
                  "p": { "a": 0, "k": [148.5, -27.5], "ix": 2 },
                  "a": { "a": 0, "k": [0, 0], "ix": 1 },
                  "s": { "a": 0, "k": [100, 100], "ix": 3 },
                  "r": { "a": 0, "k": 90, "ix": 6 },
                  "o": { "a": 0, "k": 100, "ix": 7 },
                  "sk": { "a": 0, "k": 0, "ix": 4 },
                  "sa": { "a": 0, "k": 0, "ix": 5 },
                  "nm": "Transform"
                }
              ],
              "nm": "Rectangle 1",
              "np": 3,
              "cix": 2,
              "bm": 0,
              "ix": 2,
              "mn": "ADBE Vector Group",
              "hd": false
            }
          ],
          "ip": 0,
          "op": 152.000006191087,
          "st": 0,
          "bm": 0
        }
      ]
    },
    {
      "id": "comp_7",
      "layers": [
        {
          "ddd": 0,
          "ind": 1,
          "ty": 4,
          "nm": "Shape Layer 4",
          "sr": 1,
          "ks": {
            "o": { "a": 0, "k": 100, "ix": 11 },
            "r": { "a": 0, "k": 0, "ix": 10 },
            "p": { "a": 0, "k": [100.028, 99.92, 0], "ix": 2 },
            "a": { "a": 0, "k": [148.5, -27.5, 0], "ix": 1 },
            "s": { "a": 0, "k": [75, 75, 100], "ix": 6 }
          },
          "ao": 0,
          "shapes": [
            {
              "ty": "gr",
              "it": [
                {
                  "ty": "rc",
                  "d": 1,
                  "s": { "a": 0, "k": [12, 60], "ix": 2 },
                  "p": { "a": 0, "k": [0, 0], "ix": 3 },
                  "r": { "a": 0, "k": 0, "ix": 4 },
                  "nm": "Rectangle Path 1",
                  "mn": "ADBE Vector Shape - Rect",
                  "hd": false
                },
                {
                  "ty": "fl",
                  "c": {
                    "a": 0,
                    "k": [0.694117647059, 0.522629801432, 0, 1],
                    "ix": 4
                  },
                  "o": { "a": 0, "k": 100, "ix": 5 },
                  "r": 1,
                  "bm": 0,
                  "nm": "Fill 1",
                  "mn": "ADBE Vector Graphic - Fill",
                  "hd": false
                },
                {
                  "ty": "tr",
                  "p": { "a": 0, "k": [148.5, -27.5], "ix": 2 },
                  "a": { "a": 0, "k": [0, 0], "ix": 1 },
                  "s": { "a": 0, "k": [100, 100], "ix": 3 },
                  "r": { "a": 0, "k": 0, "ix": 6 },
                  "o": { "a": 0, "k": 100, "ix": 7 },
                  "sk": { "a": 0, "k": 0, "ix": 4 },
                  "sa": { "a": 0, "k": 0, "ix": 5 },
                  "nm": "Transform"
                }
              ],
              "nm": "Rectangle 2",
              "np": 3,
              "cix": 2,
              "bm": 0,
              "ix": 1,
              "mn": "ADBE Vector Group",
              "hd": false
            },
            {
              "ty": "gr",
              "it": [
                {
                  "ty": "rc",
                  "d": 1,
                  "s": { "a": 0, "k": [12, 60], "ix": 2 },
                  "p": { "a": 0, "k": [0, 0], "ix": 3 },
                  "r": { "a": 0, "k": 0, "ix": 4 },
                  "nm": "Rectangle Path 1",
                  "mn": "ADBE Vector Shape - Rect",
                  "hd": false
                },
                {
                  "ty": "fl",
                  "c": {
                    "a": 0,
                    "k": [0.694117647059, 0.522629801432, 0, 1],
                    "ix": 4
                  },
                  "o": { "a": 0, "k": 100, "ix": 5 },
                  "r": 1,
                  "bm": 0,
                  "nm": "Fill 1",
                  "mn": "ADBE Vector Graphic - Fill",
                  "hd": false
                },
                {
                  "ty": "tr",
                  "p": { "a": 0, "k": [148.5, -27.5], "ix": 2 },
                  "a": { "a": 0, "k": [0, 0], "ix": 1 },
                  "s": { "a": 0, "k": [100, 100], "ix": 3 },
                  "r": { "a": 0, "k": 90, "ix": 6 },
                  "o": { "a": 0, "k": 100, "ix": 7 },
                  "sk": { "a": 0, "k": 0, "ix": 4 },
                  "sa": { "a": 0, "k": 0, "ix": 5 },
                  "nm": "Transform"
                }
              ],
              "nm": "Rectangle 1",
              "np": 3,
              "cix": 2,
              "bm": 0,
              "ix": 2,
              "mn": "ADBE Vector Group",
              "hd": false
            }
          ],
          "ip": 0,
          "op": 152.000006191087,
          "st": 0,
          "bm": 0
        }
      ]
    },
    {
      "id": "comp_8",
      "layers": [
        {
          "ddd": 0,
          "ind": 1,
          "ty": 4,
          "nm": "Shape Layer 4",
          "sr": 1,
          "ks": {
            "o": { "a": 0, "k": 100, "ix": 11 },
            "r": { "a": 0, "k": 0, "ix": 10 },
            "p": { "a": 0, "k": [100.028, 99.92, 0], "ix": 2 },
            "a": { "a": 0, "k": [148.5, -27.5, 0], "ix": 1 },
            "s": { "a": 0, "k": [75, 75, 100], "ix": 6 }
          },
          "ao": 0,
          "shapes": [
            {
              "ty": "gr",
              "it": [
                {
                  "ty": "rc",
                  "d": 1,
                  "s": { "a": 0, "k": [12, 60], "ix": 2 },
                  "p": { "a": 0, "k": [0, 0], "ix": 3 },
                  "r": { "a": 0, "k": 0, "ix": 4 },
                  "nm": "Rectangle Path 1",
                  "mn": "ADBE Vector Shape - Rect",
                  "hd": false
                },
                {
                  "ty": "fl",
                  "c": {
                    "a": 0,
                    "k": [0.098454441744, 0.550397027708, 0.760784313725, 1],
                    "ix": 4
                  },
                  "o": { "a": 0, "k": 100, "ix": 5 },
                  "r": 1,
                  "bm": 0,
                  "nm": "Fill 1",
                  "mn": "ADBE Vector Graphic - Fill",
                  "hd": false
                },
                {
                  "ty": "tr",
                  "p": { "a": 0, "k": [148.5, -27.5], "ix": 2 },
                  "a": { "a": 0, "k": [0, 0], "ix": 1 },
                  "s": { "a": 0, "k": [100, 100], "ix": 3 },
                  "r": { "a": 0, "k": 0, "ix": 6 },
                  "o": { "a": 0, "k": 100, "ix": 7 },
                  "sk": { "a": 0, "k": 0, "ix": 4 },
                  "sa": { "a": 0, "k": 0, "ix": 5 },
                  "nm": "Transform"
                }
              ],
              "nm": "Rectangle 2",
              "np": 3,
              "cix": 2,
              "bm": 0,
              "ix": 1,
              "mn": "ADBE Vector Group",
              "hd": false
            },
            {
              "ty": "gr",
              "it": [
                {
                  "ty": "rc",
                  "d": 1,
                  "s": { "a": 0, "k": [12, 60], "ix": 2 },
                  "p": { "a": 0, "k": [0, 0], "ix": 3 },
                  "r": { "a": 0, "k": 0, "ix": 4 },
                  "nm": "Rectangle Path 1",
                  "mn": "ADBE Vector Shape - Rect",
                  "hd": false
                },
                {
                  "ty": "fl",
                  "c": {
                    "a": 0,
                    "k": [0.098454441744, 0.550397027708, 0.760784313725, 1],
                    "ix": 4
                  },
                  "o": { "a": 0, "k": 100, "ix": 5 },
                  "r": 1,
                  "bm": 0,
                  "nm": "Fill 1",
                  "mn": "ADBE Vector Graphic - Fill",
                  "hd": false
                },
                {
                  "ty": "tr",
                  "p": { "a": 0, "k": [148.5, -27.5], "ix": 2 },
                  "a": { "a": 0, "k": [0, 0], "ix": 1 },
                  "s": { "a": 0, "k": [100, 100], "ix": 3 },
                  "r": { "a": 0, "k": 90, "ix": 6 },
                  "o": { "a": 0, "k": 100, "ix": 7 },
                  "sk": { "a": 0, "k": 0, "ix": 4 },
                  "sa": { "a": 0, "k": 0, "ix": 5 },
                  "nm": "Transform"
                }
              ],
              "nm": "Rectangle 1",
              "np": 3,
              "cix": 2,
              "bm": 0,
              "ix": 2,
              "mn": "ADBE Vector Group",
              "hd": false
            }
          ],
          "ip": 0,
          "op": 152.000006191087,
          "st": 0,
          "bm": 0
        }
      ]
    },
    {
      "id": "comp_9",
      "layers": [
        {
          "ddd": 0,
          "ind": 1,
          "ty": 4,
          "nm": "Shape Layer 3",
          "sr": 1,
          "ks": {
            "o": { "a": 0, "k": 100, "ix": 11 },
            "r": { "a": 0, "k": 0, "ix": 10 },
            "p": { "a": 0, "k": [100.062, 99.875, 0], "ix": 2 },
            "a": { "a": 0, "k": [156, -27.5, 0], "ix": 1 },
            "s": { "a": 0, "k": [65, 65, 100], "ix": 6 }
          },
          "ao": 0,
          "shapes": [
            {
              "ty": "gr",
              "it": [
                {
                  "ty": "rc",
                  "d": 1,
                  "s": { "a": 0, "k": [50, 50], "ix": 2 },
                  "p": { "a": 0, "k": [0, 0], "ix": 3 },
                  "r": { "a": 0, "k": 0, "ix": 4 },
                  "nm": "Rectangle Path 1",
                  "mn": "ADBE Vector Shape - Rect",
                  "hd": false
                },
                {
                  "ty": "st",
                  "c": {
                    "a": 0,
                    "k": [0.373979306688, 0, 0.756862745098, 1],
                    "ix": 3
                  },
                  "o": { "a": 0, "k": 100, "ix": 4 },
                  "w": { "a": 0, "k": 10, "ix": 5 },
                  "lc": 1,
                  "lj": 1,
                  "ml": 4,
                  "bm": 0,
                  "nm": "Stroke 1",
                  "mn": "ADBE Vector Graphic - Stroke",
                  "hd": false
                },
                {
                  "ty": "tr",
                  "p": { "a": 0, "k": [156, -27.5], "ix": 2 },
                  "a": { "a": 0, "k": [0, 0], "ix": 1 },
                  "s": { "a": 0, "k": [100, 100], "ix": 3 },
                  "r": { "a": 0, "k": 0, "ix": 6 },
                  "o": { "a": 0, "k": 100, "ix": 7 },
                  "sk": { "a": 0, "k": 0, "ix": 4 },
                  "sa": { "a": 0, "k": 0, "ix": 5 },
                  "nm": "Transform"
                }
              ],
              "nm": "Rectangle 1",
              "np": 3,
              "cix": 2,
              "bm": 0,
              "ix": 1,
              "mn": "ADBE Vector Group",
              "hd": false
            }
          ],
          "ip": 0,
          "op": 152.000006191087,
          "st": 0,
          "bm": 0
        }
      ]
    }
  ],
  "layers": [
    {
      "ddd": 0,
      "ind": 1,
      "ty": 0,
      "nm": "Shape on Path 4",
      "refId": "comp_0",
      "sr": 1,
      "ks": {
        "o": { "a": 0, "k": 100, "ix": 11 },
        "r": {
          "a": 1,
          "k": [
            {
              "i": { "x": [0.406], "y": [0.632] },
              "o": { "x": [0.144], "y": [-0.591] },
              "t": 0,
              "s": [80]
            },
            { "t": 45.0000018328876, "s": [-38.129] }
          ],
          "ix": 10
        },
        "p": {
          "a": 1,
          "k": [
            {
              "i": { "x": 0.207, "y": 1 },
              "o": { "x": 0.067, "y": 0 },
              "t": 0,
              "s": [199.074, 196.852, 0],
              "to": [0, -0.241, 0],
              "ti": [0, 0, 0]
            },
            { "t": 43.0000017514259, "s": [251.066, 275.155, 0] }
          ],
          "ix": 2
        },
        "a": { "a": 0, "k": [100, 100, 0], "ix": 1 },
        "s": {
          "a": 1,
          "k": [
            {
              "i": { "x": [0.38, 0.38, 0.843], "y": [1, 1, 1] },
              "o": { "x": [0.398, 0.398, 0.208], "y": [0, 0, 0] },
              "t": 0,
              "s": [0, 0, 100]
            },
            {
              "i": { "x": [0.642, 0.642, 0.4], "y": [1, 1, 1] },
              "o": { "x": [0.45, 0.45, 0.6], "y": [0, 0, 0] },
              "t": 8,
              "s": [40.741, 40.741, 100]
            },
            { "t": 39.0000015885026, "s": [0, 0, 100] }
          ],
          "ix": 6
        }
      },
      "ao": 0,
      "w": 200,
      "h": 200,
      "ip": 0,
      "op": 41.0000016699642,
      "st": 0,
      "bm": 0
    },
    {
      "ddd": 0,
      "ind": 2,
      "ty": 0,
      "nm": "Shape on Path 3",
      "refId": "comp_1",
      "sr": 1,
      "ks": {
        "o": { "a": 0, "k": 100, "ix": 11 },
        "r": {
          "a": 1,
          "k": [
            {
              "i": { "x": [0.406], "y": [0.61] },
              "o": { "x": [0.144], "y": [-0.684] },
              "t": 0,
              "s": [29]
            },
            { "t": 45.0000018328876, "s": [-73.102] }
          ],
          "ix": 10
        },
        "p": {
          "a": 1,
          "k": [
            {
              "i": { "x": 0.207, "y": 1 },
              "o": { "x": 0.067, "y": 0 },
              "t": 0,
              "s": [199.074, 196.111, 0],
              "to": [0, -0.301, 0],
              "ti": [0.123, 0.494, 0]
            },
            { "t": 39.0000015885026, "s": [141.111, 102.267, 0] }
          ],
          "ix": 2
        },
        "a": { "a": 0, "k": [100, 100, 0], "ix": 1 },
        "s": {
          "a": 1,
          "k": [
            {
              "i": { "x": [0.38, 0.38, 0.843], "y": [1, 1, 1] },
              "o": { "x": [0.398, 0.398, 0.208], "y": [0, 0, 0] },
              "t": 0,
              "s": [0, 0, 100]
            },
            {
              "i": { "x": [0.642, 0.642, 0.4], "y": [1, 1, 1] },
              "o": { "x": [0.45, 0.45, 0.6], "y": [0, 0, 0] },
              "t": 8,
              "s": [44.444, 44.444, 100]
            },
            { "t": 40.0000016292334, "s": [0, 0, 100] }
          ],
          "ix": 6
        }
      },
      "ao": 0,
      "w": 200,
      "h": 200,
      "ip": 0,
      "op": 41.0000016699642,
      "st": 0,
      "bm": 0
    },
    {
      "ddd": 0,
      "ind": 3,
      "ty": 0,
      "nm": "Shape on Path 2",
      "refId": "comp_2",
      "sr": 1,
      "ks": {
        "o": { "a": 0, "k": 100, "ix": 11 },
        "r": {
          "a": 1,
          "k": [
            {
              "i": { "x": [0.381], "y": [0.835] },
              "o": { "x": [0.052], "y": [0.239] },
              "t": 0,
              "s": [115]
            },
            { "t": 45.0000018328876, "s": [-43.191] }
          ],
          "ix": 10
        },
        "p": {
          "a": 1,
          "k": [
            {
              "i": { "x": 0.207, "y": 1 },
              "o": { "x": 0.067, "y": 0 },
              "t": 0,
              "s": [201.852, 197.407, 0],
              "to": [0, -0.156, 0],
              "ti": [-0.197, 0.099, 0]
            },
            { "t": 42.0000017106951, "s": [295, 133.656, 0] }
          ],
          "ix": 2
        },
        "a": { "a": 0, "k": [100, 100, 0], "ix": 1 },
        "s": {
          "a": 1,
          "k": [
            {
              "i": { "x": [0.38, 0.38, 0.843], "y": [1, 1, 1] },
              "o": { "x": [0.398, 0.398, 0.208], "y": [0, 0, 0] },
              "t": 0,
              "s": [0, 0, 100]
            },
            {
              "i": { "x": [0.642, 0.642, 0.4], "y": [1, 1, 1] },
              "o": { "x": [0.45, 0.45, 0.6], "y": [0, 0, 0] },
              "t": 8,
              "s": [37.037, 37.037, 100]
            },
            { "t": 40.0000016292334, "s": [0, 0, 100] }
          ],
          "ix": 6
        }
      },
      "ao": 0,
      "w": 200,
      "h": 200,
      "ip": 0,
      "op": 41.0000016699642,
      "st": 0,
      "bm": 0
    },
    {
      "ddd": 0,
      "ind": 4,
      "ty": 0,
      "nm": "Shape on Path 1",
      "refId": "comp_3",
      "sr": 1,
      "ks": {
        "o": { "a": 0, "k": 100, "ix": 11 },
        "r": {
          "a": 1,
          "k": [
            {
              "i": { "x": [0.369], "y": [0.893] },
              "o": { "x": [0.006], "y": [0.482] },
              "t": 0,
              "s": [162]
            },
            { "t": 45.0000018328876, "s": [-15.236] }
          ],
          "ix": 10
        },
        "p": {
          "a": 1,
          "k": [
            {
              "i": { "x": 0.207, "y": 1 },
              "o": { "x": 0.067, "y": 0 },
              "t": 0,
              "s": [199.074, 199.63, 0],
              "to": [0, -0.26, 0],
              "ti": [3.074, -26.019, 0]
            },
            { "t": 40.0000016292334, "s": [160.319, 286.002, 0] }
          ],
          "ix": 2
        },
        "a": { "a": 0, "k": [100, 100, 0], "ix": 1 },
        "s": {
          "a": 1,
          "k": [
            {
              "i": { "x": [0.38, 0.38, 0.843], "y": [1, 1, 1] },
              "o": { "x": [0.398, 0.398, 0.208], "y": [0, 0, 0] },
              "t": 0,
              "s": [0, 0, 100]
            },
            {
              "i": { "x": [0.642, 0.642, 0.4], "y": [1, 1, 1] },
              "o": { "x": [0.45, 0.45, 0.6], "y": [0, 0, 0] },
              "t": 8,
              "s": [37.037, 37.037, 100]
            },
            { "t": 34.0000013848484, "s": [0, 0, 100] }
          ],
          "ix": 6
        }
      },
      "ao": 0,
      "w": 200,
      "h": 200,
      "ip": 0,
      "op": 41.0000016699642,
      "st": 0,
      "bm": 0
    },
    {
      "ddd": 0,
      "ind": 5,
      "ty": 0,
      "nm": "Placeholder 5",
      "refId": "comp_4",
      "sr": 1,
      "ks": {
        "o": { "a": 0, "k": 100, "ix": 11 },
        "r": {
          "a": 1,
          "k": [
            {
              "i": { "x": [0.406], "y": [0.852] },
              "o": { "x": [0.144], "y": [0.318] },
              "t": 0,
              "s": [-106]
            },
            { "t": 45.0000018328876, "s": [113.369] }
          ],
          "ix": 10
        },
        "p": {
          "a": 1,
          "k": [
            {
              "i": { "x": 0.207, "y": 1 },
              "o": { "x": 0.067, "y": 0 },
              "t": 0,
              "s": [200, 200, 0],
              "to": [14.691, 6.049, 0],
              "ti": [-14.691, -6.049, 0]
            },
            { "t": 40.0000016292334, "s": [288.148, 236.296, 0] }
          ],
          "ix": 2
        },
        "a": { "a": 0, "k": [100, 100, 0], "ix": 1 },
        "s": {
          "a": 1,
          "k": [
            {
              "i": { "x": [0.38, 0.38, 0.843], "y": [1, 1, 1] },
              "o": { "x": [0.398, 0.398, 0.208], "y": [0, 0, 0] },
              "t": 0,
              "s": [0, 0, 100]
            },
            {
              "i": { "x": [0.642, 0.642, 0.4], "y": [1, 1, 1] },
              "o": { "x": [0.45, 0.45, 0.6], "y": [0, 0, 0] },
              "t": 8,
              "s": [18.519, 18.519, 100]
            },
            { "t": 40.0000016292334, "s": [0, 0, 100] }
          ],
          "ix": 6
        }
      },
      "ao": 0,
      "w": 200,
      "h": 200,
      "ip": 0,
      "op": 41.0000016699642,
      "st": 0,
      "bm": 0
    },
    {
      "ddd": 0,
      "ind": 6,
      "ty": 0,
      "nm": "Placeholder 6",
      "refId": "comp_5",
      "sr": 1,
      "ks": {
        "o": { "a": 0, "k": 100, "ix": 11 },
        "r": {
          "a": 1,
          "k": [
            {
              "i": { "x": [0.406], "y": [0.913] },
              "o": { "x": [0.144], "y": [0.571] },
              "t": 0,
              "s": [-75]
            },
            { "t": 45.0000018328876, "s": [47.268] }
          ],
          "ix": 10
        },
        "p": {
          "a": 1,
          "k": [
            {
              "i": { "x": 0.207, "y": 1 },
              "o": { "x": 0.067, "y": 0 },
              "t": 0,
              "s": [200, 200, 0],
              "to": [0.247, 14.938, 0],
              "ti": [-0.247, -14.938, 0]
            },
            { "t": 37.0000015070409, "s": [201.481, 289.63, 0] }
          ],
          "ix": 2
        },
        "a": { "a": 0, "k": [100, 100, 0], "ix": 1 },
        "s": {
          "a": 1,
          "k": [
            {
              "i": { "x": [0.38, 0.38, 0.843], "y": [1, 1, 1] },
              "o": { "x": [0.398, 0.398, 0.208], "y": [0, 0, 0] },
              "t": 0,
              "s": [0, 0, 100]
            },
            {
              "i": { "x": [0.642, 0.642, 0.4], "y": [1, 1, 1] },
              "o": { "x": [0.45, 0.45, 0.6], "y": [0, 0, 0] },
              "t": 8,
              "s": [27.778, 27.778, 100]
            },
            { "t": 38.0000015477717, "s": [0, 0, 100] }
          ],
          "ix": 6
        }
      },
      "ao": 0,
      "w": 200,
      "h": 200,
      "ip": 0,
      "op": 41.0000016699642,
      "st": 0,
      "bm": 0
    },
    {
      "ddd": 0,
      "ind": 7,
      "ty": 0,
      "nm": "Placeholder 7",
      "refId": "comp_6",
      "sr": 1,
      "ks": {
        "o": { "a": 0, "k": 100, "ix": 11 },
        "r": {
          "a": 1,
          "k": [
            {
              "i": { "x": [0.406], "y": [0.857] },
              "o": { "x": [0.144], "y": [0.34] },
              "t": 0,
              "s": [0]
            },
            { "t": 45.0000018328876, "s": [205.228] }
          ],
          "ix": 10
        },
        "p": {
          "a": 1,
          "k": [
            {
              "i": { "x": 0.207, "y": 1 },
              "o": { "x": 0.067, "y": 0 },
              "t": 0,
              "s": [200, 200, 0],
              "to": [-18.025, -0.617, 0],
              "ti": [18.025, 0.617, 0]
            },
            { "t": 42.0000017106951, "s": [91.852, 196.296, 0] }
          ],
          "ix": 2
        },
        "a": { "a": 0, "k": [100, 100, 0], "ix": 1 },
        "s": {
          "a": 1,
          "k": [
            {
              "i": { "x": [0.38, 0.38, 0.843], "y": [1, 1, 1] },
              "o": { "x": [0.398, 0.398, 0.208], "y": [0, 0, 0] },
              "t": 0,
              "s": [0, 0, 100]
            },
            {
              "i": { "x": [0.642, 0.642, 0.4], "y": [1, 1, 1] },
              "o": { "x": [0.45, 0.45, 0.6], "y": [0, 0, 0] },
              "t": 8,
              "s": [27.778, 27.778, 100]
            },
            { "t": 36.0000014663101, "s": [0, 0, 100] }
          ],
          "ix": 6
        }
      },
      "ao": 0,
      "w": 200,
      "h": 200,
      "ip": 0,
      "op": 41.0000016699642,
      "st": 0,
      "bm": 0
    },
    {
      "ddd": 0,
      "ind": 8,
      "ty": 0,
      "nm": "Placeholder 8",
      "refId": "comp_7",
      "sr": 1,
      "ks": {
        "o": { "a": 0, "k": 100, "ix": 11 },
        "r": {
          "a": 1,
          "k": [
            {
              "i": { "x": [0.406], "y": [0.97] },
              "o": { "x": [0.144], "y": [0.807] },
              "t": 0,
              "s": [0]
            },
            { "t": 45.0000018328876, "s": [86.444] }
          ],
          "ix": 10
        },
        "p": {
          "a": 1,
          "k": [
            {
              "i": { "x": 0.207, "y": 1 },
              "o": { "x": 0.067, "y": 0 },
              "t": 0,
              "s": [200, 200, 0],
              "to": [8.519, -15.185, 0],
              "ti": [-8.519, 15.185, 0]
            },
            { "t": 45.0000018328876, "s": [251.111, 108.889, 0] }
          ],
          "ix": 2
        },
        "a": { "a": 0, "k": [100, 100, 0], "ix": 1 },
        "s": {
          "a": 1,
          "k": [
            {
              "i": { "x": [0.38, 0.38, 0.843], "y": [1, 1, 1] },
              "o": { "x": [0.398, 0.398, 0.208], "y": [0, 0, 0] },
              "t": 0,
              "s": [0, 0, 100]
            },
            {
              "i": { "x": [0.642, 0.642, 0.4], "y": [1, 1, 1] },
              "o": { "x": [0.45, 0.45, 0.6], "y": [0, 0, 0] },
              "t": 8,
              "s": [27.778, 27.778, 100]
            },
            { "t": 39.0000015885026, "s": [0, 0, 100] }
          ],
          "ix": 6
        }
      },
      "ao": 0,
      "w": 200,
      "h": 200,
      "ip": 0,
      "op": 41.0000016699642,
      "st": 0,
      "bm": 0
    },
    {
      "ddd": 0,
      "ind": 9,
      "ty": 0,
      "nm": "Placeholder 9",
      "refId": "comp_8",
      "sr": 1,
      "ks": {
        "o": { "a": 0, "k": 100, "ix": 11 },
        "r": {
          "a": 1,
          "k": [
            {
              "i": { "x": [0.406], "y": [0.875] },
              "o": { "x": [0.144], "y": [0.414] },
              "t": 0,
              "s": [0]
            },
            { "t": 45.0000018328876, "s": [168.462] }
          ],
          "ix": 10
        },
        "p": {
          "a": 1,
          "k": [
            {
              "i": { "x": 0.207, "y": 1 },
              "o": { "x": 0.067, "y": 0 },
              "t": 0,
              "s": [200, 200, 0],
              "to": [0.37, -19.136, 0],
              "ti": [-0.37, 19.136, 0]
            },
            { "t": 34.0000013848484, "s": [202.222, 85.185, 0] }
          ],
          "ix": 2
        },
        "a": { "a": 0, "k": [100, 100, 0], "ix": 1 },
        "s": {
          "a": 1,
          "k": [
            {
              "i": { "x": [0.38, 0.38, 0.843], "y": [1, 1, 1] },
              "o": { "x": [0.398, 0.398, 0.208], "y": [0, 0, 0] },
              "t": 0,
              "s": [0, 0, 100]
            },
            {
              "i": { "x": [0.642, 0.642, 0.4], "y": [1, 1, 1] },
              "o": { "x": [0.45, 0.45, 0.6], "y": [0, 0, 0] },
              "t": 8,
              "s": [18.519, 18.519, 100]
            },
            { "t": 34.0000013848484, "s": [0, 0, 100] }
          ],
          "ix": 6
        }
      },
      "ao": 0,
      "w": 200,
      "h": 200,
      "ip": 0,
      "op": 41.0000016699642,
      "st": 0,
      "bm": 0
    },
    {
      "ddd": 0,
      "ind": 10,
      "ty": 0,
      "nm": "Placeholder 10",
      "refId": "comp_9",
      "sr": 1,
      "ks": {
        "o": { "a": 0, "k": 100, "ix": 11 },
        "r": {
          "a": 1,
          "k": [
            {
              "i": { "x": [0.373], "y": [1] },
              "o": { "x": [0.127], "y": [0.545] },
              "t": 0,
              "s": [0]
            },
            {
              "i": { "x": [0.833], "y": [1] },
              "o": { "x": [0.167], "y": [0] },
              "t": 40,
              "s": [100]
            },
            { "t": 45.0000018328876, "s": [100] }
          ],
          "ix": 10
        },
        "p": {
          "a": 1,
          "k": [
            {
              "i": { "x": 0.207, "y": 1 },
              "o": { "x": 0.067, "y": 0 },
              "t": 0,
              "s": [200, 200, 0],
              "to": [-11.728, 3.457, 0],
              "ti": [11.728, -3.457, 0]
            },
            { "t": 36.0000014663101, "s": [129.63, 220.741, 0] }
          ],
          "ix": 2
        },
        "a": { "a": 0, "k": [100, 100, 0], "ix": 1 },
        "s": {
          "a": 1,
          "k": [
            {
              "i": { "x": [0.38, 0.38, 0.843], "y": [1, 1, 1] },
              "o": { "x": [0.398, 0.398, 0.208], "y": [0, 0, 0] },
              "t": 0,
              "s": [0, 0, 100]
            },
            {
              "i": { "x": [0.642, 0.642, 0.4], "y": [1, 1, 1] },
              "o": { "x": [0.45, 0.45, 0.6], "y": [0, 0, 0] },
              "t": 8,
              "s": [18.519, 18.519, 100]
            },
            { "t": 40.0000016292334, "s": [0, 0, 100] }
          ],
          "ix": 6
        }
      },
      "ao": 0,
      "w": 200,
      "h": 200,
      "ip": 0,
      "op": 41.0000016699642,
      "st": 0,
      "bm": 0
    }
  ],
  "markers": []
}
